#,WMO306CD_efrs,QualityFlagSysURL_efrs,Path_e,Name_e,Definition_e,Path_f,Name_f,Definition_f,Path_s,Name_s,Definition_s,Path_r,Name_r,Definition_r
1,AFG,,,Afghanistan,Afghanistan,,Afghanistan,Afghanistan,,Afganistán,Afganistán,,Афганистан,Афганистан
2,ALB,,,Albania,Albania,,Albanie,Albanie,,Albania,Albania,,Албания,Албания
3,DZA,,,Algeria,Algeria,,Algérie,Algérie,,Argelia,Argelia,,Алжир,Алжир
4,AGO,,,Angola,Angola,,Angola,Angola,,Angola,Angola,,Ангола,Ангола
5,AIA,,,Anguilla,Anguilla,,Anguilla,Anguilla,,Anguila,Anguila,,Ангилья,Ангилья
6,ATA,,,Antarctica,Antarctica,,Antarctique,Antarctique,,Antártida,Antártida,,Антарктика,Антарктика
7,ATG,,,Antigua and Barbuda,Antigua and Barbuda,,Antigua-et-Barbuda,Antigua-et-Barbuda,,Antigua y Barbuda,Antigua y Barbuda,,Антигуа и Барбуда,Антигуа и Барбуда
8,ARG,,,Argentina,Argentina,,Argentine,Argentine,,Argentina,Argentina,,Аргентина,Аргентина
9,ARM,,,Armenia,Armenia,,Arménie,Arménie,,Armenia,Armenia,,Армения,Армения
10,AUS,,,Australia,Australia,,Australie,Australie,,Australia,Australia,,Австралия,Австралия
11,AUT,,,Austria,Austria,,Autriche,Autriche,,Austria,Austria,,Австрия,Австрия
12,AZE,,,Azerbaijan,Azerbaijan,,Azerbaïdjan,Azerbaïdjan,,Azerbaiyán,Azerbaiyán,,Азербайджан,Азербайджан
13,BHS,,,Bahamas,Bahamas,,Bahamas,Bahamas,,Bahamas,Bahamas,,Багамские Острова,Багамские Острова
14,BHR,,,Bahrain,Bahrain,,Bahreïn,Bahreïn,,Bahrein,Bahrein,,Бахрейн,Бахрейн
15,BGD,,,Bangladesh,Bangladesh,,Bangladesh,Bangladesh,,Bangladesh,Bangladesh,,Бангладеш,Бангладеш
16,BRB,,,Barbados,Barbados,,Barbade,Barbade,,Barbados,Barbados,,Барбадос,Барбадос
17,BLR,,,Belarus,Belarus,,Bélarus,Bélarus,,Belarús,Belarús,,Беларусь,Беларусь
18,BEL,,,Belgium,Belgium,,Belgique,Belgique,,Bélgica,Bélgica,,Бельгия,Бельгия
19,BLZ,,,Belize,Belize,,Belize,Belize,,Belice,Belice,,Белиз,Белиз
20,BEN,,,Benin,Benin,,Bénin,Bénin,,Benin,Benin,,Бенин,Бенин
21,BMU,,,Bermuda,Bermuda,,Bermudes,Bermudes,,Bermuda,Bermuda,,Бермуды,Бермуды
22,BTN,,,Bhutan,Bhutan,,Bhoutan,Bhoutan,,Bhután,Bhután,,Бутан,Бутан
23,BOL,,,"Bolivia, Plurinational State of","Bolivia, Plurinational State of",,"Bolivie, État plurinational de","Bolivie, État plurinational de",,"Bolivia, Estado Plurinacional de","Bolivia, Estado Plurinacional de",,"Боливия, Многонациональное Государство","Боливия, Многонациональное Государство"
24,BIH,,,Bosnia and Herzegovina,Bosnia and Herzegovina,,Bosnie-Herzégovine,Bosnie-Herzégovine,,Bosnia y Herzegovina,Bosnia y Herzegovina,,Босния и Герцеговина,Босния и Герцеговина
25,BWA,,,Botswana,Botswana,,Botswana,Botswana,,Botswana,Botswana,,Ботсвана,Ботсвана
26,BRA,,,Brazil,Brazil,,Brésil,Brésil,,Brasil,Brasil,,Бразилия,Бразилия
27,BCT,,,British Caribbean Territories,British Caribbean Territories,,Territoires britanniques des Caraïbes,Territoires britanniques des Caraïbes,,Territorios Británicos del Caribe,Territorios Británicos del Caribe,,Британские карибские территории,Британские карибские территории
28,VGB,,,British Virgin Islands,British Virgin Islands,,Îles Vierges britanniques,Îles Vierges britanniques,,Islas Vírgenes Británicas,Islas Vírgenes Británicas,,Британские Виргинские Острова,Британские Виргинские Острова
29,BRN,,,Brunei Darussalam,Brunei Darussalam,,Brunéi Darussalam,Brunéi Darussalam,,Brunei Darussalam,Brunei Darussalam,,Бруней-Даруссалам,Бруней-Даруссалам
30,BGR,,,Bulgaria,Bulgaria,,Bulgarie,Bulgarie,,Bulgaria,Bulgaria,,Болгария,Болгария
31,BFA,,,Burkina Faso,Burkina Faso,,Burkina Faso,Burkina Faso,,Burkina Faso,Burkina Faso,,Буркина-Фасо,Буркина-Фасо
32,BDI,,,Burundi,Burundi,,Burundi,Burundi,,Burundi,Burundi,,Бурунди,Бурунди
33,CPV,,,Cabo Verde,Cabo Verde,,Cabo Verde,Cabo Verde,,Cabo Verde,Cabo Verde,,Кабо-Верди,Кабо-Верди
34,KHM,,,Cambodia,Cambodia,,Cambodge,Cambodge,,Camboya,Camboya,,Камбоджа,Камбоджа
35,CMR,,,Cameroon,Cameroon,,Cameroun,Cameroun,,Camerún,Camerún,,Камерун,Камерун
36,CAN,,,Canada,Canada,,Canada,Canada,,Canadá,Canadá,,Канада,Канада
37,CYM,,,Cayman Islands,Cayman Islands,,Îles Caïmanes,Îles Caïmanes,,Islas Caimán,Islas Caimán,,Каймановы Острова,Каймановы Острова 
38,CAF,,,Central African Republic,Central African Republic,,République centrafricaine,République centrafricaine,,República Centroafricana,República Centroafricana,,Центральноафриканская Республика,Центральноафриканская Республика
39,TCD,,,Chad,Chad,,Tchad,Tchad,,Chad,Chad,,Чад,Чад
40,CHL,,,Chile,Chile,,Chili,Chili,,Chile,Chile,,Чили,Чили
41,CHN,,,China,China,,Chine,Chine,,China,China,,Китай,Китай
42,CXR,,,Christmas Island,Christmas Island,,Île Christmas,Île Christmas,,Isla de Navidad,Isla de Navidad,,Остров Рождества,Остров Рождества
43,CCK,,,Cocos (Keeling) Islands,Cocos (Keeling) Islands,,Îles des Cocos (Keeling),Îles des Cocos (Keeling),,Islas Cocos (Keeling),Islas Cocos (Keeling),,Кокосовые острова(о-ва Килинг),Кокосовые острова(о-ва Килинг)
44,COL,,,Colombia,Colombia,,Colombie,Colombie,,Colombia,Colombia,,Колумбия,Колумбия
45,COM,,,Comoros,Comoros,,Comores,Comores,,Comoras,Comoras,,Коморские Острова,Коморские Острова
46,COG,,,Congo,Congo,,Congo,Congo,,Congo,Congo,,Конго,Конго
47,COD,,,"Congo, Democratic Republic of the","Congo, Democratic Republic of the",,République démocratique du Congo,République démocratique du Congo,,"Congo, República Democrática del","Congo, República Democrática del",,Конго (Демократическая Республика),Конго (Демократическая Республика)
48,COK,,,Cook Islands,Cook Islands,,Îles Cook,Îles Cook,,Islas Cook,Islas Cook,,Острова Кука,Острова Кука
49,CRI,,,Costa Rica,Costa Rica,,Costa Rica,Costa Rica,,Costa Rica,Costa Rica,,Коста-Рика,Коста-Рика
50,CIV,,,Côte d'Ivoire,Cote d'Ivoire,,Cote d’Ivoire,Cote d’Ivoire,,Cote d'Ivoire,Cote d'Ivoire,,Кот-д'Ивуар,Кот-д'Ивуар
51,HRV,,,Croatia,Croatia,,Croatie,Croatie,,Croacia,Croacia,,Хорватия,Хорватия
52,CUB,,,Cuba,Cuba,,Cuba,Cuba,,Cuba,Cuba,,Куба,Куба
53,CUW,,,Curacao and Sint Maarten,Curacao and Sint Maarten,,Curacao et Saint-Martin,Curacao et Saint-Martin,,Curacao y San Martín,Curacao y San Martín,,Курасао и Сан-Мартин,Курасао и Сан-Мартин
54,CYP,,,Cyprus,Cyprus,,Chypre,Chypre,,Chipre,Chipre,,Кипр,Кипр
55,CZE,,,Czechia,Czechia,,République tchèque,République tchèque,,República Checa,República Checa,,Чешская Республика,Чешская Республика
56,DNK,,,Denmark,Denmark,,Danemark,Danemark,,Dinamarca,Dinamarca,,Дания,Дания
57,DJI,,,Djibouti,Djibouti,,Djibouti,Djibouti,,Djibouti,Djibouti,,Джибути,Джибути
58,DMA,,,Dominica,Dominica,,Dominique,Dominique,,Dominica,Dominica,,Доминика,Доминика
59,DOM,,,Dominican Republic,Dominican Republic,,République dominicaine,République dominicaine,,República Dominicana,República Dominicana,,Доминиканская Республика,Доминиканская Республика
60,ECU,,,Ecuador,Ecuador,,Équateur,Équateur,,Ecuador,Ecuador,,Эквадор,Эквадор
61,EGY,,,Egypt,Egypt,,Égypte,Égypte,,Egipto,Egipto,,Египет,Египет
62,SLV,,,El Salvador,El Salvador,,El Salvador,El Salvador,,El Salvador,El Salvador,,Сальвадор,Сальвадор
63,GNQ,,,Equatorial Guinea,Equatorial Guinea,,Guinée équatoriale,Guinée équatoriale,,Guinea Ecuatorial,Guinea Ecuatorial,,Экваториальная Гвинея,Экваториальная Гвинея
64,ERI,,,Eritrea,Eritrea,,Érythrée,Érythrée,,Eritrea,Eritrea,,Эритрея,Эритрея
65,EST,,,Estonia,Estonia,,Estonie,Estonie,,Estonia,Estonia,,Эстония,Эстония
66,ETH,,,Ethiopia,Ethiopia,,Éthiopie,Éthiopie,,Etiopía,Etiopía,,Эфиопия,Эфиопия
67,FLK,,,Falkland Islands (Malvinas),Falkland Islands (Malvinas),,Îles Falkland (Malvinas),Îles Falkland (Malvinas),,Islas Malvinas (Falkland),Islas Malvinas (Falkland),,Фолклендские (Мальвинские Острова),Фолклендские (Мальвинские Острова) 
68,FJI,,,Fiji,Fiji,,Fidji,Fidji,,Fiji,Fiji,,Фиджи,Фиджи
69,FIN,,,Finland,Finland,,Finlande,Finlande,,Finlandia,Finlandia,,Финляндия,Финляндия
70,FRA,,,France,France,,France,France,,Francia,Francia,,Франция,Франция
71,PYF,,,French Polynesia,French Polynesia,,Polynésie française,Polynésie française,,Polinesia Francesa,Polinesia Francesa,,Французская Полинезия,Французская Полинезия
72,GAB,,,Gabon,Gabon,,Gabon,Gabon,,Gabón,Gabón,,Габон,Габон
73,GMB,,,Gambia,Gambia,,Gambie,Gambie,,Gambia,Gambia,,Гамбия,Гамбия
74,GEO,,,Georgia,Georgia,,Géorgie,Géorgie,,Georgia,Georgia,,Грузия,Грузия
75,DEU,,,Germany,Germany,,Allemagne,Allemagne,,Alemania,Alemania,,Германия,Германия
76,GHA,,,Ghana,Ghana,,Ghana,Ghana,,Ghana,Ghana,,Гана,Гана
77,GIB,,,Gibraltar,Gibraltar,,Gibraltar,Gibraltar,,Gibraltar,Gibraltar,,Гибралтар,Гибралтар 
78,GRC,,,Greece,Greece,,Grèce,Grèce,,Grecia,Grecia,,Греция,Греция
79,GRL,,,Greenland,Greenland,,Groenland,Groenland,,Groenlandia,Groenlandia,,Гренландия,Гренландия
80,GRD,,,Grenada,Grenada,,Grenade,Grenade,,Granada,Granada,,Гренада,Гренада
81,GTM,,,Guatemala,Guatemala,,Guatemala,Guatemala,,Guatemala,Guatemala,,Гватемала,Гватемала
82,GIN,,,Guinea,Guinea,,Guinée,Guinée,,Guinea,Guinea,,Гвинея,Гвинея
83,GNB,,,Guinea-Bissau,Guinea-Bissau,,Guinée-Bissau,Guinée-Bissau,,Guinea-Bissau,Guinea-Bissau,,Гвинея-Бисау,Гвинея-Бисау
84,GUY,,,Guyana,Guyana,,Guyana,Guyana,,Guyana,Guyana,,Гайана,Гайана
85,HTI,,,Haiti,Haiti,,Haïti,Haïti,,Haití,Haití,,Гаити,Гаити
86,HND,,,Honduras,Honduras,,Honduras,Honduras,,Honduras,Honduras,,Гондурас,Гондурас
87,HKG,,,"Hong Kong, China","Hong Kong, China",,"Hong Kong, Chine","Hong Kong, Chine",,"Hong Kong, China","Hong Kong, China",,"Гонконг, Китай","Гонконг, Китай"
88,HUN,,,Hungary,Hungary,,Hongrie,Hongrie,,Hungría,Hungría,,Венгрия,Венгрия
89,ISL,,,Iceland,Iceland,,Islande,Islande,,Islandia,Islandia,,Исландия,Исландия
90,IND,,,India,India,,Inde,Inde,,India,India,,Индия,Индия
91,IDN,,,Indonesia,Indonesia,,Indonésie,Indonésie,,Indonesia,Indonesia,,Индонезия,Индонезия
92,IRN,,,"Iran, Islamic Republic of","Iran, Islamic Republic of",,"Iran, République islamique d’","Iran, République islamique d’",,"Iran, República Islámica del","Iran, República Islámica del",,Иран (Исламская Республика),Иран (Исламская Республика)
93,IRQ,,,Iraq,Iraq,,Iraq,Iraq,,Iraq,Iraq,,Ирак,Ирак
94,IRL,,,Ireland,Ireland,,Irlande,Irlande,,Irlanda,Irlanda,,Ирландия,Ирландия
95,ISR,,,Israel,Israel,,Israël,Israël,,Israel,Israel,,Израиль,Израиль
96,ITA,,,Italy,Italy,,Italie,Italie,,Italia,Italia,,Италия,Италия
97,JAM,,,Jamaica,Jamaica,,Jamaïque,Jamaïque,,Jamaica,Jamaica,,Ямайка,Ямайка
98,JPN,,,Japan,Japan,,Japon,Japon,,Japón,Japón,,Япония,Япония
99,JOR,,,Jordan,Jordan,,Jordanie,Jordanie,,Jordania,Jordania,,Иордания,Иордания
100,KAZ,,,Kazakhstan,Kazakhstan,,Kazakhstan,Kazakhstan,,Kazakhstan,Kazakhstan,,Казахстан,Казахстан
101,KEN,,,Kenya,Kenya,,Kenya,Kenya,,Kenya,Kenya,,Кения,Кения
102,KIR,,,Kiribati,Kiribati,,Kiribati,Kiribati,,Kiribati,Kiribati,,Кирибати,Кирибати
103,PRK,,,"Korea, Democratic People's Republic of","Korea, Democratic People's Republic of",,"Corée, République démocratique populaire de","Corée, République démocratique populaire de",,"Corea, República Popular Democrática de","Corea, República Popular Democrática de",,Корея (Народно-Демократическая Республика),Корея (Народно-Демократическая Республика)
104,KOR,,,"Korea, Republic of","Korea, Republic of",,"Corée, République de","Corée, République de",,"Corea, República de","Corea, República de",,Республика Корея,Республика Корея
105,KWT,,,Kuwait,Kuwait,,Koweït,Koweït,,Kuwait,Kuwait,,Кувейт,Кувейт
106,KGZ,,,Kyrgyzstan,Kyrgyzstan,,Kirghizistan,Kirghizistan,,Kirguistán,Kirguistán,,Кыргызстан,Кыргызстан
107,LAO,,,Lao People's Democratic Republic,Lao People's Democratic Republic,,République démocratique populaire lao,République démocratique populaire lao,,República Democrática Popular Lao (la),República Democrática Popular Lao (la),,Лаосская Народно-Демократическая Республика,Лаосская Народно-Демократическая Республика
108,LVA,,,Latvia,Latvia,,Lettonie,Lettonie,,Letonia,Letonia,,Латвия,Латвия
109,LBN,,,Lebanon,Lebanon,,Liban,Liban,,Líbano,Líbano,,Ливан,Ливан
110,LSO,,,Lesotho,Lesotho,,Lesotho,Lesotho,,Lesotho,Lesotho,,Лесото,Лесото
111,LBR,,,Liberia,Liberia,,Libéria,Libéria,,Liberia,Liberia,,Либерия,Либерия
112,LBY,,,Libya,Libya,,Libye,Libye,,Libia,Libia,,Ливия,Ливия
113,LIE,,,Liechtenstein,Liechtenstein,,Liechtenstein,Liechtenstein,,Liechtenstein,Liechtenstein,,Лихтенштейн,Лихтенштейн
114,LTU,,,Lithuania,Lithuania,,Lituanie,Lituanie,,Lituania,Lituania,,Литва,Литва
115,LUX,,,Luxembourg,Luxembourg,,Luxembourg,Luxembourg,,Luxemburgo,Luxemburgo,,Люксембург,Люксембург
116,MAC,,,"Macao, China","Macao, China",,"Macao, Chine","Macao, Chine",,"Macao, China","Macao, China",,"Macao, Китай","Macao, Китай"
117,MKD,,,"Macedonia, the former Yugoslav Republic of","Macedonia, the former Yugoslav Republic of",,"Macédoine, ex-République yougoslave de","Macédoine, ex-République yougoslave de",,"Macedonia, ex República Yugoslava de","Macedonia, ex República Yugoslava de",,Македония (бывшая югославская Республика),Македония (бывшая югославская Республика)
118,MDG,,,Madagascar,Madagascar,,Madagascar,Madagascar,,Madagascar,Madagascar,,Мадагаскар,Мадагаскар
119,MWI,,,Malawi,Malawi,,Malawi,Malawi,,Malawi,Malawi,,Малави,Малави
120,MYS,,,Malaysia,Malaysia,,Malaisie,Malaisie,,Malasia,Malasia,,Малайзия,Малайзия
121,MDV,,,Maldives,Maldives,,Maldives,Maldives,,Maldivas,Maldivas,,Мальдивские Острова (Мальдивы),Мальдивские Острова (Мальдивы)
122,MLI,,,Mali,Mali,,Mali,Mali,,Malí,Malí,,Мали,Мали
123,MLT,,,Malta,Malta,,Malte,Malte,,Malta,Malta,,Мальта,Мальта
124,MHL,,,Marshall Islands,Marshall Islands,,Îles Marshall,Îles Marshall,,Islas Marshall,Islas Marshall,,Маршалловы Острова,Маршалловы Острова
125,MRT,,,Mauritania,Mauritania,,Mauritanie,Mauritanie,,Mauritania,Mauritania,,Мавритания,Мавритания
126,MUS,,,Mauritius,Mauritius,,Maurice,Maurice,,Mauricio,Mauricio,,Маврикий,Маврикий
127,MEX,,,Mexico,Mexico,,Mexique,Mexique,,México,México,,Мексика,Мексика
128,FSM,,,"Micronesia, Federated States of","Micronesia, Federated States of",,"Micronésie, États fédérés de","Micronésie, États fédérés de",,"Micronesia, Estados Federados de","Micronesia, Estados Federados de",,Федеративные Штаты Микронезии,Федеративные Штаты Микронезии
129,MDA,,,"Moldova, Republic of","Moldova, Republic of",,"Moldova, République de","Moldova, République de",,"Moldova, República de","Moldova, República de",,Республика Молдова,Республика Молдова
130,MCO,,,Monaco,Monaco,,Monaco,Monaco,,Mónaco,Mónaco,,Монако,Монако
131,MNG,,,Mongolia,Mongolia,,Mongolie,Mongolie,,Mongolia,Mongolia,,Монголия,Монголия
132,MNE,,,Montenegro,Montenegro,,Monténégro,Monténégro,,Montenegro,Montenegro,,Черногория,Черногория
133,MSR,,,Montserrat,Montserrat,,Montserrat,Montserrat,,Montserrat,Montserrat,,Монтсеррат,Монтсеррат
134,MAR,,,Morocco,Morocco,,Maroc,Maroc,,Marruecos,Marruecos,,Марокко,Марокко
135,MOZ,,,Mozambique,Mozambique,,Mozambique,Mozambique,,Mozambique,Mozambique,,Мозамбик,Мозамбик
136,MMR,,,Myanmar,Myanmar,,Myanmar,Myanmar,,Myanmar,Myanmar,,Мьянма,Мьянма
137,NAM,,,Namibia,Namibia,,Namibie,Namibie,,Namibia,Namibia,,Намибия,Намибия
138,NRU,,,Nauru,Nauru,,Nauru,Nauru,,Nauru,Nauru,,Науру,Науру
139,NPL,,,Nepal,Nepal,,Népal,Népal,,Nepal,Nepal,,Непал,Непал
140,NLD,,,Netherlands,Netherlands,,Pays-Bas,Pays-Bas,,Países Bajos,Países Bajos,,Нидерланды,Нидерланды
141,NCL,,,New Caledonia,New Caledonia,,Nouvelle-Calédonie,Nouvelle-Calédonie,,Nueva Caledonia,Nueva Caledonia,,Новая Каледония,Новая Каледония
142,NZL,,,New Zealand,New Zealand,,Nouvelle-Zélande,Nouvelle-Zélande,,Nueva Zelandia,Nueva Zelandia,,Новая Зеландия,Новая Зеландия
143,NIC,,,Nicaragua,Nicaragua,,Nicaragua,Nicaragua,,Nicaragua,Nicaragua,,Никарагуа,Никарагуа
144,NER,,,Niger,Niger,,Niger,Niger,,Níger,Níger,,Нигер,Нигер
145,NGA,,,Nigeria,Nigeria,,Nigéria,Nigéria,,Nigeria,Nigeria,,Нигерия,Нигерия
146,NIU,,,Niue,Niue,,Nioué,Nioué,,Niue,Niue,,Ниуэ,Ниуэ
147,NOR,,,Norway,Norway,,Norvège,Norvège,,Noruega,Noruega,,Норвегия,Норвегия
148,OMN,,,Oman,Oman,,Oman,Oman,,Omán,Omán,,Оман,Оман
149,PAK,,,Pakistan,Pakistan,,Pakistan,Pakistan,,Pakistán,Pakistán,,Пакистан,Пакистан
150,PLW,,,Palau,Palau,,Palaos,Palaos,,Palau,Palau,,Палау,Палау
151,PSE,,,"Palestine, State of","Palestine, State of",,"Palestine, État de ","Palestine, État de ",,"Palestina, Estado de","Palestina, Estado de",,Государство Палестина,Государство Палестина
152,PAN,,,Panama,Panama,,Panama,Panama,,Panamá,Panamá,,Панама,Панама
153,PNG,,,Papua New Guinea,Papua New Guinea,,Papouasie-Nouvelle-Guinée,Papouasie-Nouvelle-Guinée,,Papua Nueva Guinea,Papua Nueva Guinea,,Папуа-Новая Гвинея,Папуа-Новая Гвинея
154,PRY,,,Paraguay,Paraguay,,Paraguay,Paraguay,,Paraguay,Paraguay,,Парагвай,Парагвай
155,PER,,,Peru,Peru,,Pérou,Pérou,,Perú,Perú,,Перу,Перу
156,PHL,,,Philippines,Philippines,,Philippines,Philippines,,Filipinas,Filipinas,,Филиппины,Филиппины
157,PCN,,,Pitcairn,Pitcairn,,Pitcairn,Pitcairn,,Pitcairn,Pitcairn,,Питкэрн,Питкэрн
158,POL,,,Poland,Poland,,Pologne,Pologne,,Polonia,Polonia,,Польша,Польша
159,PRT,,,Portugal,Portugal,,Portugal,Portugal,,Portugal,Portugal,,Португалия,Португалия
160,PRI,,,Puerto Rico,Puerto Rico,,Porto Rico,Porto Rico,,Puerto Rico,Puerto Rico,,Пуэрто-Рико,Пуэрто-Рико
161,QAT,,,Qatar,Qatar,,Qatar,Qatar,,Qatar,Qatar,,Катар,Катар
162,ROM,,,Romania,Romania,,Roumanie,Roumanie,,Rumania,Rumania,,Румыния,Румыния
163,RUS,,,Russian Federation,Russian Federation,,Fédération de Russie,Fédération de Russie,,Federación de Rusia,Federación de Rusia,,Российская Федерация,Российская Федерация
164,RWA,,,Rwanda,Rwanda,,Rwanda,Rwanda,,Rwanda,Rwanda,,Руанда,Руанда
165,SHN,,,Saint Helena,Saint Helena,,Sainte-Hélène,Sainte-Hélène,,Santa Elena,Santa Elena,,Остров Святой Елены,Остров Святой Елены
166,KNA,,,Saint Kitts and Nevis,Saint Kitts and Nevis,,Saint-Kitts-et-Nevis,Saint-Kitts-et-Nevis,,Saint Kitts y Nevis,Saint Kitts y Nevis,,Сент-Китс и Невис,Сент-Китс и Невис
167,LCA,,,Saint Lucia,Saint Lucia,,Sainte-Lucie,Sainte-Lucie,,Santa Lucía,Santa Lucía,,Сент-Люсия,Сент-Люсия
168,SPM,,,Saint Pierre and Miquelon,Saint Pierre and Miquelon,,Saint-Pierre-et-Miquelon,Saint-Pierre-et-Miquelon,,San Pedro y Miquelón,San Pedro y Miquelón,,Сант-Пьер и Микелон,Сант-Пьер и Микелон
169,VCT,,,Saint Vincent and Grenadines,Saint Vincent and Grenadines,,Saint-Vincent-et-les-Grenadines,Saint-Vincent-et-les-Grenadines,,San Vicente y las Granadinas,San Vicente y las Granadinas,,Сент-Винсент и Гренадины,Сент-Винсент и Гренадины
170,WSM,,,Samoa,Samoa,,Samoa,Samoa,,Samoa,Samoa,,Самоа,Самоа
171,STP,,,Sao Tome and Principe,Sao Tome and Principe,,Sao Tomé-et-Principe,Sao Tomé-et-Principe,,Santo Tomé y Príncipe,Santo Tomé y Príncipe,,Cан-Томе и Принсипи,Cан-Томе и Принсипи
172,SAU,,,Saudi Arabia,Saudi Arabia,,Arabie saoudite,Arabie saoudite,,Arabia Saudita,Arabia Saudita,,Саудовская Аравия,Саудовская Аравия
173,SEN,,,Senegal,Senegal,,Sénégal,Sénégal,,Senegal,Senegal,,Сенегал,Сенегал
174,SRB,,,Serbia,Serbia,,Serbie,Serbie,,Serbia,Serbia,,Сербия,Сербия
175,SYC,,,Seychelles,Seychelles,,Seychelles,Seychelles,,Seychelles,Seychelles,,Сейшельские Острова,Сейшельские Острова
176,SLE,,,Sierra Leone,Sierra Leone,,Sierra Leone,Sierra Leone,,Sierra Leona,Sierra Leona,,Сьерра-Леоне,Сьерра-Леоне
177,SGP,,,Singapore,Singapore,,Singapour,Singapour,,Singapur,Singapur,,Сингапур,Сингапур
178,SVK,,,Slovakia,Slovakia,,Slovaquie,Slovaquie,,Eslovaquia,Eslovaquia,,Словакия,Словакия
179,SVN,,,Slovenia,Slovenia,,Slovénie,Slovénie,,Eslovenia,Eslovenia,,Словения,Словения
180,SLB,,,Solomon Islands,Solomon Islands,,Îles Salomon,Îles Salomon,,Islas Salomón,Islas Salomón,,Соломоновы Острова,Соломоновы Острова
181,SOM,,,Somalia,Somalia,,Somalie,Somalie,,Somalia,Somalia,,Сомали,Сомали
182,ZAF,,,South Africa,South Africa,,Afrique du Sud,Afrique du Sud,,Sudáfrica,Sudáfrica,,Южная Африка,Южная Африка
183,SGS,,,South Georgia and the South Sandwich Islands,South Georgia and the South Sandwich Islands,,Géorgie du Sud et îles Sandwich du Sud,Géorgie du Sud et îles Sandwich du Sud,,Islas Georgias del Sur y Sandwich del Sur,Islas Georgias del Sur y Sandwich del Sur,,Южная Георгия и Южные Сандвичевы острова,Южная Георгия и Южные Сандвичевы острова
184,SSD,,,South Sudan,South Sudan,,Soudan du Sud,Soudan du Sud,,Sudán del Sur,Sudán del Sur,,Южный Судан,Южный Судан
185,ESP,,,Spain,Spain,,Espagne,Espagne,,España,España,,Испания,Испания
186,LKA,,,Sri Lanka,Sri Lanka,,Sri Lanka,Sri Lanka,,Sri Lanka,Sri Lanka,,Шри-Ланка,Шри-Ланка
187,SDN,,,Sudan,Sudan,,Soudan,Soudan,,Sudán,Sudán,,Судан,Судан
188,SUR,,,Suriname,Suriname,,Suriname,Suriname,,Suriname,Suriname,,Суринам,Суринам
189,SWZ,,,Swaziland,Swaziland,,Swaziland,Swaziland,,Swazilandia,Swazilandia,,Свазиленд,Свазиленд
190,SWE,,,Sweden,Sweden,,Suède,Suède,,Suecia,Suecia,,Швеция,Швеция
191,CHE,,,Switzerland,Switzerland,,Suisse,Suisse,,Suiza,Suiza,,Швейцария,Швейцария
192,SYR,,,Syrian Arab Republic,Syrian Arab Republic,,République arabe syrienne,République arabe syrienne,,República Árabe Siria,República Árabe Siria,,Сирийская Арабская Республика,Сирийская Арабская Республика
194,TWN,,,"Taiwan, Province of China","Taiwan, Province of China",,Province chinoise de Taiwan,Province chinoise de Taiwan,,"Taiwán, Provincia China de","Taiwán, Provincia China de",,"Тайвань, провинция Китая","Тайвань, провинция Китая"
195,TJK,,,Tajikistan,Tajikistan,,Tadjikistan,Tadjikistan,,Tayikistán,Tayikistán,,Таджикистан,Таджикистан
196,TZA,,,"Tanzania, United Republic of","Tanzania, United Republic of",,"Tanzanie, République-Unie de","Tanzanie, République-Unie de",,"Tanzania, República Unida de","Tanzania, República Unida de",,Объединенная Республика Танзания,Объединенная Республика Танзания
197,THA,,,Thailand,Thailand,,Thaïlande,Thaïlande,,Tailandia,Tailandia,,Таиланд,Таиланд
198,TLS,,,Timor-Leste,Timor-Leste,,Timor-Leste,Timor-Leste,,Timor-Leste,Timor-Leste,,Тимор-Лешти,Тимор-Лешти
199,TGO,,,Togo,Togo,,Togo,Togo,,Togo,Togo,,Того,Того
200,TKL,,,Tokelau,Tokelau,,Tokélau,Tokélau,,Tokelau,Tokelau,,Токелау,Токелау
201,TON,,,Tonga,Tonga,,Tonga,Tonga,,Tonga,Tonga,,Тонга,Тонга
202,TTO,,,Trinidad and Tobago,Trinidad and Tobago,,Trinité-et-Tobago,Trinité-et-Tobago,,Trinidad y Tabago,Trinidad y Tabago,,Тринидад и Тобаго,Тринидад и Тобаго
203,TUN,,,Tunisia,Tunisia,,Tunisie,Tunisie,,Túnez,Túnez,,Тунис,Тунис
204,TUR,,,Turkey,Turkey,,Turquie,Turquie,,Turquía,Turquía,,Турция,Турция
205,TKM,,,Turkmenistan,Turkmenistan,,Turkménistan,Turkménistan,,Turkmenistán,Turkmenistán,,Туркменистан,Туркменистан
206,TCA,,,Turks and Caicos Islands,Turks and Caicos Islands,,Îles Turques et Caïques,Îles Turques et Caïques,,Islas Turcas y Caicos,Islas Turcas y Caicos,,Острова Теркс и Кайкос,Острова Теркс и Кайкос 
207,TUV,,,Tuvalu,Tuvalu,,Tuvalu,Tuvalu,,Tuvalu,Tuvalu,,Тувалу,Тувалу
208,UGA,,,Uganda,Uganda,,Ouganda,Ouganda,,Uganda,Uganda,,Уганда,Уганда
209,UKR,,,Ukraine,Ukraine,,Ukraine,Ukraine,,Ucrania,Ucrania,,Украина,Украина
210,ARE,,,United Arab Emirates (the),United Arab Emirates (the),,Émirats arabes unis,Émirats arabes unis,,Emiratos Árabes Unidos (los),Emiratos Árabes Unidos (los),,Объединенные Арабские Эмираты,Объединенные Арабские Эмираты
211,GBR,,,United Kingdom (the),United Kingdom (the),,Royaume-Uni de Grande-Bretagne et d’Irlande du Nord,Royaume-Uni de Grande-Bretagne et d’Irlande du Nord,,Reino Unido de Gran Bretaña e Irlanda del Norte (el),Reino Unido de Gran Bretaña e Irlanda del Norte (el),,Соединенное Королевство,Соединенное Королевство
212,USA,,,United States (the),United States (the),,États-Unis d’Amérique,États-Unis d’Amérique,,Estados Unidos de América (los),Estados Unidos de América (los),,Соединенные Штаты,Соединенные Штаты
213,URY,,,Uruguay,Uruguay,,Uruguay,Uruguay,,Uruguay,Uruguay,,Уругвай,Уругвай
214,UZB,,,Uzbekistan,Uzbekistan,,Ouzbékistan,Ouzbékistan,,Uzbekistán,Uzbekistán,,Узбекистан,Узбекистан
215,VUT,,,Vanuatu,Vanuatu,,Vanuatu,Vanuatu,,Vanuatu,Vanuatu,,Вануату,Вануату
216,VEN,,,"Venezuela, Bolivarian Republic of","Venezuela, Bolivarian Republic of",,"Venezuela, République bolivarienne du","Venezuela, République bolivarienne du",,"Venezuela, República Bolivariana de","Venezuela, República Bolivariana de",,"Венесуэла, Боливарианская Республика","Венесуэла, Боливарианская Республика"
217,VNM,,,Viet Nam,Viet Nam,,Viet Nam,Viet Nam,,Viet Nam,Viet Nam,,Вьетнам,Вьетнам
218,ESH,,,Western Sahara,Western Sahara,,Sahara occidental,Sahara occidental,,Sáhara Occidental (el),Sáhara Occidental (el),,Западная Сахара,Западная Сахара
219,YEM,,,Yemen,Yemen,,Yémen,Yémen,,Yemen,Yemen,,Йемен,Йемен
220,ZMB,,,Zambia,Zambia,,Zambie,Zambie,,Zambia,Zambia,,Замбия,Замбия
221,ZWE,,,Zimbabwe,Zimbabwe,,Zimbabwe,Zimbabwe,,Zimbabwe,Zimbabwe,,Зимбабве,Зимбабве
